Max_Depth,Min_Samples_Split,Min_Samples_Leaf,Mean_Train_RMSE,Mean_CV_RMSE,CV_RMSE_STD
5,10,4,4214.534967196105,4823.4108947777295,432.63433909215865
5,2,4,4212.360203833845,4824.50446501506,435.31411196861404
5,5,4,4212.360203833845,4824.50446501506,435.31411196861404
5,10,2,4198.73464736123,4842.6478703101575,433.60183045735903
5,5,2,4195.820107677917,4843.046643245927,437.17256137715225
5,2,2,4195.820107677917,4843.046643245927,437.17256137715225
5,5,1,4148.581857370303,4845.244326495041,393.56648132442297
5,2,1,4134.574164727942,4845.401077859226,393.49536171638334
5,10,1,4152.458595945094,4845.8883988479765,393.8546846876872
3,2,4,4576.492465376206,4930.599106679923,481.4137523167043
3,5,4,4576.492465376206,4930.599106679923,481.4137523167043
3,5,2,4576.492465376206,4930.599106679923,481.4137523167043
3,2,2,4576.492465376206,4930.599106679923,481.4137523167043
3,10,1,4576.492465376206,4930.599106679923,481.4137523167043
3,10,2,4576.492465376206,4930.599106679923,481.4137523167043
3,2,1,4576.492465376206,4930.599106679923,481.4137523167043
3,10,4,4576.492465376206,4930.599106679923,481.4137523167043
3,5,1,4576.492465376206,4930.599106679923,481.4137523167043
7,10,4,3814.5475708516287,5121.241023982436,396.31125630817104
7,10,2,3769.3718875004283,5147.733050262959,389.4095469559387
7,2,4,3787.4649109672346,5149.927764019298,390.09708286122833
7,5,4,3787.4649109672346,5149.927764019298,390.09708286122833
7,10,1,3651.5674462860566,5164.840960738698,400.38094914957594
7,5,2,3686.533503901409,5177.273644976157,312.5115834935988
7,2,2,3655.8471721439446,5177.488487900595,309.2351344495782
7,5,1,3578.0327076162466,5185.666471258154,334.6336254270003
7,2,1,3438.298859471934,5285.326754258483,371.9530958865636
10,10,4,3557.9830493477157,5349.809375949141,378.2924308032237
15,10,4,3502.29011755945,5367.729732053564,382.3559003013266
10,5,4,3499.9025397528894,5372.74118605187,368.8521718782307
10,2,4,3499.9025397528894,5372.74118605187,368.8521718782307
,10,4,3499.1351331089563,5373.406843659834,383.1955616608933
15,2,4,3435.8926752180246,5390.027373009121,384.6706759338233
15,5,4,3435.8926752180246,5390.027373009121,384.6706759338233
,5,4,3432.503861148186,5402.789299616867,385.1989990770753
,2,4,3432.503861148186,5402.789299616867,385.1989990770753
10,10,2,3370.245827188183,5474.306755651631,421.40668229301326
,10,2,3219.110102774705,5524.2532255465385,479.98705478375746
15,10,2,3224.0155380734577,5526.215896328431,494.2893931904463
15,10,1,2962.445748897364,5546.070302744743,379.72497355904454
10,10,1,3152.495168852628,5548.1692902520235,467.64250000316247
,10,1,2939.977065581482,5562.713803042727,380.07154977456713
10,5,2,3049.106162461033,5734.455590292266,258.88322429288894
,5,1,2200.570150389023,5757.980283721908,227.56697892031212
10,5,1,2712.3434435221707,5774.27616112385,343.0652125206523
15,5,1,2241.7994984130737,5790.210388325475,224.92596839613913
,5,2,2742.237639805747,5801.296652133433,226.53285282260632
15,5,2,2751.3747237007187,5821.015524326333,267.38946683931323
10,2,2,2888.541430957684,5866.101849382174,310.97164463933916
,2,2,2540.48151557514,5941.269297960752,361.79263963063596
15,2,2,2561.205286080991,5999.820174150673,386.0904611189928
10,2,1,1979.3331662149917,6006.923177319693,458.0652726414869
15,2,1,366.7788410558263,6030.5373097180145,489.0385244151426
,2,1,-0.0,6100.15884842012,589.9859905117495
