N_Neighbors,Weights,P,Mean_Train_RMSE,Mean_CV_RMSE,CV_RMSE_STD
5,distance,2,-0.0,6644.775115138293,604.1055586114605
3,distance,2,-0.0,6698.306624186429,588.4367013189272
7,distance,2,-0.0,6705.363209168298,713.5373252485483
5,distance,1,-0.0,6803.102279745288,600.2449753101735
7,distance,1,-0.0,6813.8262929445045,657.2134430739352
9,distance,2,-0.0,6814.395154771414,589.4923066948239
5,uniform,2,5318.358038306475,6831.636225457543,595.2758823081668
9,distance,1,-0.0,6843.356485370698,560.8995993334728
3,uniform,2,4418.588252481058,6851.822325825121,609.4174033918209
7,uniform,2,5852.487478634299,6920.334757238603,727.8762961146576
3,distance,1,-0.0,6929.916324812941,416.1998956928175
11,distance,1,-0.0,6954.798526606333,623.8852992408742
11,distance,2,-0.0,6968.632666694182,640.8001511229019
5,uniform,1,5496.163077038185,6986.161763691055,621.4255745007276
15,distance,1,-0.0,7063.161645244011,586.048107113824
7,uniform,1,5868.986187179697,7066.58494313847,701.8142479574877
9,uniform,2,6172.731147075649,7090.720062407214,592.7142335789556
3,uniform,1,4629.978335389531,7095.341119851345,445.3119946302671
9,uniform,1,6199.121761339622,7153.877063570702,571.3329653807551
15,distance,2,-0.0,7203.350465476268,607.7383303365416
20,distance,1,-0.0,7220.542362308355,638.1933454392008
11,uniform,1,6489.87774448623,7300.78071365658,639.0090012376785
11,uniform,2,6447.60016816242,7313.713195191983,629.2588125786015
15,uniform,1,6810.789059197601,7421.966793698945,587.9515672864196
20,distance,2,-0.0,7443.669455752681,589.5281430736043
15,uniform,2,6888.347119194191,7596.970779768766,602.4088821520263
20,uniform,1,7060.6333116558035,7616.690120886839,634.8127462326081
20,uniform,2,7351.451290894709,7860.506271954886,575.0724037662197
