N_Estimators,Max_Depth,Min_Samples_Split,Min_Samples_Leaf,Mean_Train_RMSE,Mean_CV_RMSE,CV_RMSE_STD
200,5,10,4,4073.224683597428,4619.76195906487,430.8131949946691
200,5,2,4,4062.054372028254,4621.118985144778,430.7764836857045
200,5,5,4,4062.054372028254,4621.118985144778,430.7764836857047
100,5,10,4,4075.6751771419417,4623.774809100428,431.2097293688787
300,5,10,4,4072.895485411065,4623.795199236205,435.3994405732148
300,5,2,4,4061.564759161499,4625.114782098829,435.24099695677967
300,5,5,4,4061.564759161499,4625.114782098829,435.2409969567795
100,5,2,4,4063.8549325857357,4626.233839286791,429.97012966686265
100,5,5,4,4063.854932585735,4626.233839286791,429.97012966686265
200,5,10,2,4033.2836707561655,4630.610634430917,431.4944913243284
200,5,10,1,3983.6391717766646,4633.110750602961,412.6330068215486
100,5,10,1,3985.4606257062624,4633.281118930426,410.194840702692
300,5,10,2,4034.641334713907,4633.603167107627,436.39882428957327
100,5,10,2,4036.382100756772,4633.612583735261,432.13851345892493
300,5,10,1,3984.1233894225275,4636.227820816368,417.97069913734225
200,5,5,2,3999.583217331503,4636.257169773138,430.2531248369791
200,5,2,1,3931.0279572230056,4636.853482120141,410.1886099369338
200,5,2,2,3993.8909246022595,4637.431218278949,430.29163042198275
300,5,5,2,3998.9691114391594,4638.884733422973,435.0997119945517
200,5,5,1,3951.5326926932125,4639.547539528776,410.6009749536126
300,5,2,2,3993.1424428991427,4639.791002362797,435.090987686555
100,5,5,2,4003.110496222009,4639.8549393279045,430.5376980002738
300,5,2,1,3928.9583564734394,4640.121091083209,415.2877546559086
100,5,2,1,3934.90894598335,4640.641435289454,407.7662951817447
100,5,2,2,3997.5679789259157,4641.071305878668,430.246972932391
100,5,5,1,3955.74298614318,4641.310970010472,408.04590407551495
300,5,5,1,3950.30973744977,4642.538569585873,416.61393440701556
100,10,10,4,3612.9281830182454,4730.025730471105,406.5515432118991
200,10,10,4,3599.7867664189725,4731.344968432206,402.74110449544094
300,10,10,4,3601.3823286431334,4731.578694504638,405.1847370660972
100,,10,4,3595.7293467788504,4732.415038952199,402.03326333516634
100,20,10,4,3595.7293467788504,4732.4150389522,402.03326333516657
200,,10,4,3582.436118174751,4734.077203191295,399.984934238344
200,20,10,4,3582.4361181747504,4734.077203191295,399.9849342383435
300,20,10,4,3584.240702083841,4734.264729228523,403.2990354321309
300,,10,4,3584.240702083841,4734.264729228523,403.2990354321314
100,10,5,4,3529.5518484967915,4743.463256958779,396.6864530733626
100,10,2,4,3529.5518484967915,4743.46325695878,396.68645307336266
200,10,2,4,3516.5617704748192,4745.420924814777,395.13437408444184
200,10,5,4,3516.5617704748192,4745.420924814777,395.1343740844415
300,10,5,4,3517.1014913719673,4745.633534418064,401.2030553139218
300,10,2,4,3517.1014913719673,4745.633534418064,401.2030553139214
100,20,5,4,3508.6369065979025,4747.6853187898505,392.5277915324234
100,20,2,4,3508.6369065979025,4747.6853187898505,392.5277915324233
100,,2,4,3508.6369065979015,4747.6853187898505,392.52779153242307
100,,5,4,3508.6369065979015,4747.6853187898505,392.52779153242295
300,,5,4,3496.070885768934,4749.539079292064,398.3174506683731
300,,2,4,3496.070885768934,4749.539079292064,398.3174506683731
300,20,2,4,3496.070885768934,4749.539079292064,398.3174506683731
300,20,5,4,3496.070885768934,4749.539079292064,398.31745066837306
200,20,5,4,3495.7976946214526,4749.667858779308,391.9326507439347
200,,5,4,3495.797694621452,4749.6678587793085,391.93265074393463
200,20,2,4,3495.7976946214526,4749.6678587793085,391.93265074393463
200,,2,4,3495.7976946214526,4749.6678587793085,391.93265074393463
100,10,10,2,3433.6620800933315,4766.199566892536,402.8840974673427
300,10,10,2,3422.5682632957805,4767.248857788165,396.6009996851836
200,10,10,2,3419.4759400237062,4767.913438359135,395.44564474292093
100,20,10,2,3396.4497180042454,4772.012175526195,399.16992947981925
100,,10,2,3396.4497180042454,4772.012175526196,399.16992947981913
300,,10,2,3383.7104280203203,4774.7190614551455,393.04886163625724
300,20,10,2,3383.719078604393,4774.751816704909,393.04155231679414
200,,10,2,3379.5454579425823,4775.32522995745,391.0637886790905
200,20,10,2,3379.5426823517582,4775.383234599538,391.0482257389478
100,10,10,1,3236.2551975907227,4787.890372267214,382.80359476198055
200,10,10,1,3216.642602576413,4791.518350769244,373.2578821512109
300,10,10,1,3220.2309947728245,4794.093463391871,375.70403102983664
100,20,10,1,3167.887829042481,4798.996726118264,376.42490879474065
100,,10,1,3167.9034464067868,4799.0048543591965,376.4220972680608
200,20,10,1,3144.580189304712,4804.2235939713655,365.9336911008837
200,,10,1,3144.5760664062263,4804.24760998302,365.926186271347
300,20,10,1,3150.663837441396,4805.05490709055,370.5202323948062
300,,10,1,3150.618340572374,4805.075115613324,370.51371832102365
300,10,5,2,3003.093617375143,4821.593782430497,381.16104318879354
200,10,5,2,3002.1972729684194,4824.8520851191,378.9291979597051
100,10,5,2,3019.184113825445,4829.503746148134,393.44314802576235
300,20,5,2,2922.1158847565684,4836.245477120145,373.9564252588627
300,,5,2,2922.1741947526266,4836.29180731766,373.84106548127056
300,10,2,2,2894.3819360219627,4839.456610478815,378.0631412154921
100,,5,2,2940.024970363147,4841.634827291557,387.1465776437695
100,20,5,2,2939.8554484300334,4841.734627167109,387.1141823205485
200,10,2,2,2894.6624606404584,4842.379777232188,374.03379511079737
200,20,5,2,2919.769723039978,4842.780636636538,373.29595036792733
200,,5,2,2919.8599959323046,4842.858587328765,373.0799105468608
100,10,2,2,2913.493686212438,4845.405784221412,382.4735854751429
100,10,5,1,2732.698439353927,4846.895031323633,375.88752820578225
200,10,5,1,2706.4009862500593,4849.856782114106,359.0562234816517
300,10,5,1,2709.3658467053783,4850.583049873546,361.04950583743
300,20,2,2,2797.4854149286643,4851.5216729823,369.6778762532928
300,,2,2,2797.479269614918,4851.551743781145,369.5713774921424
100,20,2,2,2817.208460828716,4854.046013057019,379.24590031282025
100,,2,2,2817.049054764503,4854.2698801567585,379.3212705746941
200,20,2,2,2795.634881161944,4854.892955488951,368.3844105545256
200,,2,2,2795.620747328335,4854.949100950858,368.27233534917156
100,20,5,1,2584.5730525279573,4872.308230729226,361.828180729161
100,,5,1,2584.429398854872,4873.014478789223,361.245345572987
200,20,5,1,2551.497563112773,4876.431743756379,344.05522437784936
300,20,5,1,2557.281638206165,4876.603155108996,346.63210833195285
300,,5,1,2557.337587136429,4876.962920754482,346.5966173852592
200,,5,1,2551.475217646431,4877.298951161128,343.9598770624427
200,10,2,1,2152.660113752937,4899.983259756111,343.1794623425346
300,10,2,1,2156.958136786666,4900.079876859862,346.7321565765263
100,10,2,1,2181.757008451381,4902.47698699882,372.3630308603865
300,,2,1,1837.7109261890914,4941.65914075235,336.5051615948483
300,20,2,1,1837.7219897089496,4943.085330734462,336.3711582790122
200,,2,1,1826.8258045062805,4946.216105489728,335.0865039066776
200,20,2,1,1827.0428577461794,4948.422652550958,336.38760822701477
100,,2,1,1864.7073212099901,4948.528163030894,350.544941953894
100,20,2,1,1864.8978034628976,4949.1549752461815,350.8335104903213
