Kernel,C,Epsilon,Gamma,Mean_Train_RMSE,Mean_CV_RMSE,CV_RMSE_STD
linear,1000.0,0.1,scale,7393.123592912756,7380.189480744858,613.6934123525981
linear,1000.0,0.1,auto,7393.123592912756,7380.189480744858,613.6934123525981
linear,1000.0,0.5,scale,7393.175921342743,7380.237623260102,613.6922054923282
linear,1000.0,0.5,auto,7393.175921342743,7380.237623260102,613.6922054923282
linear,1000.0,1.0,auto,7393.292287310129,7380.350445022106,613.5701112066013
linear,1000.0,1.0,scale,7393.292287310129,7380.350445022106,613.5701112066013
linear,100.0,1.0,auto,8238.533187299345,8221.704630773542,565.7194231158437
linear,100.0,1.0,scale,8238.533187299345,8221.704630773542,565.7194231158437
linear,100.0,0.5,auto,8238.688774382234,8221.841251341268,565.7765839716878
linear,100.0,0.5,scale,8238.688774382234,8221.841251341268,565.7765839716878
linear,100.0,0.1,scale,8238.76796746154,8221.90739748594,565.829034399954
linear,100.0,0.1,auto,8238.76796746154,8221.90739748594,565.829034399954
rbf,1000.0,0.1,auto,8281.117832883043,8323.73578880522,637.2380098130981
rbf,1000.0,1.0,auto,8281.14911636834,8323.77644465528,637.243107990975
rbf,1000.0,0.5,auto,8281.157390050375,8323.77874279164,637.2315030452269
rbf,1000.0,1.0,scale,8287.808603703454,8364.7067341274,654.1736237443232
rbf,1000.0,0.1,scale,8287.802838596472,8364.741454722443,654.0342512171487
rbf,1000.0,0.5,scale,8287.83631034182,8364.751321359803,654.0886555647038
rbf,100.0,0.1,scale,11829.464900220695,11847.299809938495,529.9822053224883
rbf,100.0,1.0,scale,11829.500410214836,11847.303705384224,529.7609950422343
rbf,100.0,0.5,scale,11829.487902561872,11847.31025532793,529.8853656005998
rbf,100.0,0.1,auto,11884.579901135867,11895.745387046389,533.8018741112817
rbf,100.0,0.5,auto,11884.660149953597,11895.824477376105,533.7789119835013
rbf,100.0,1.0,auto,11884.763660882832,11895.930156690674,533.7504918044452
linear,10.0,0.1,scale,11950.362444863185,11942.574740696287,541.6991404377808
linear,10.0,0.1,auto,11950.362444863185,11942.574740696287,541.6991404377808
linear,10.0,0.5,scale,11950.37637702933,11942.597001063657,541.8010297716368
linear,10.0,0.5,auto,11950.37637702933,11942.597001063657,541.8010297716368
linear,10.0,1.0,auto,11950.39941818903,11942.630261850547,541.9257777290719
linear,10.0,1.0,scale,11950.39941818903,11942.630261850547,541.9257777290719
linear,1.0,1.0,auto,12158.01585699448,12154.745639733093,480.2768632124046
linear,1.0,1.0,scale,12158.01585699448,12154.745639733093,480.2768632124046
linear,1.0,0.5,auto,12158.015447372576,12154.750846642928,480.310731876921
linear,1.0,0.5,scale,12158.015447372576,12154.750846642928,480.310731876921
linear,1.0,0.1,scale,12158.014029846972,12154.753647589541,480.3373890763647
linear,1.0,0.1,auto,12158.014029846972,12154.753647589541,480.3373890763647
rbf,10.0,0.1,auto,12177.957762675689,12177.43699490148,482.13553576390933
rbf,10.0,0.5,auto,12177.96330915988,12177.443364011542,482.1226955838709
rbf,10.0,1.0,auto,12177.965717531837,12177.447254740602,482.1160276145488
rbf,10.0,0.1,scale,12180.38892146264,12180.693277280032,481.54268820917645
rbf,10.0,0.5,scale,12180.40126761515,12180.703080621992,481.476717749121
rbf,10.0,1.0,scale,12180.406995094181,12180.705806197137,481.38172751990396
rbf,1.0,1.0,auto,12261.93429236158,12257.476945450122,475.43479677423005
rbf,1.0,0.5,auto,12261.96647578802,12257.50956707997,475.3648261320208
rbf,1.0,0.1,auto,12261.977396955419,12257.519954995581,475.34745107979387
rbf,1.0,0.1,scale,12261.970576562167,12257.68317935766,475.29048935007125
rbf,1.0,0.5,scale,12261.985309879536,12257.697822285965,475.3373673750629
rbf,1.0,1.0,scale,12261.985182133005,12257.69849057586,475.4254930411323
